Time,Filename,Responsible User,Activity Type,Site,Op. Timing,Purpose,Description,Version
"02/27/2026, 21:19:49","device_inventory_template.csv","admin","h","dd","h","h","—","v1 (Latest)"
"02/27/2026, 19:59:00","S5731-S.png","admin","ddd","dd","ddd","ddd","—","v1 (Latest)"
"02/27/2026, 19:58:13","Lab3-Cybersecure-6606022420061.pdf","admin","h","h","h","h","—","v1 (Latest)"
"02/27/2026, 11:30:37","2026-01-27_topo_realISP.log","admin","h","h","h","h","—","v1 (Latest)"
"02/27/2026, 11:30:37","2026-01-27_topo_realEDGE.log","admin","h","h","h","h","—","v1 (Latest)"
"02/27/2026, 11:30:37","2026-01-27_topo_realDIST2.log","admin","h","h","h","h","—","v1 (Latest)"
"02/27/2026, 11:30:37","2026-01-27_topo_realDIST1.log","admin","h","h","h","h","—","v1 (Latest)"
"02/27/2026, 11:30:37","2026-01-27_topo_realCORE2.log","admin","h","h","h","h","—","v1 (Latest)"
"02/27/2026, 11:30:37","2026-01-27_topo_realCORE1.log","admin","h","h","h","h","—","v1 (Latest)"
"02/27/2026, 11:30:37","2026-01-27_topo_realBR1.log","admin","h","h","h","h","—","v1 (Latest)"
"02/27/2026, 11:30:37","2026-01-27_topo_realACC3.log","admin","h","h","h","h","—","v1 (Latest)"
"02/27/2026, 11:30:37","2026-01-27_topo_realACC1.log","admin","h","h","h","h","—","v1 (Latest)"