Time,Filename,Responsible User,Activity Type,Site,Op. Timing,Purpose,Version,Description
"25/02/2026, 21:57:07","Lab4.pdf","it-user1","t","t","t","t","v1 (Latest)","—"
"25/02/2026, 21:56:34","EDGE_20260225_191106.txt","it-user1","t","t","t","t","v2 (Latest)","—"
"25/02/2026, 20:19:33","EDGE_20260225_191106.txt","admin","t","t","t","t","v1","—"
"25/02/2026, 21:53:11","ACC4.txt","nay","t","t","t","t","v2 (Latest)","—"
"25/02/2026, 20:19:33","ACC4.txt","admin","t","t","t","t","v1","—"
"25/02/2026, 20:54:34","DIST1_20260226.txt","admin","t","t","t","t","v2 (Latest)","—"
"25/02/2026, 20:19:33","DIST1_20260226.txt","admin","t","t","t","t","v1","—"
"25/02/2026, 20:39:23","Lab4.pdf","admin","t","t","t","t","v2 (Latest)","—"
"25/02/2026, 20:26:13","Lab4.pdf","admin","t","t","—","t","v1","—"
"25/02/2026, 20:28:35","Topo2.xlsx","admin","t","t","t","t","v1 (Latest)","—"
"25/02/2026, 20:28:35","jpeg1.jpg","admin","t","t","t","t","v1 (Latest)","—"
"25/02/2026, 20:19:33","DIST2_20260225_191247.txt","admin","t","t","t","t","v1 (Latest)","—"
"25/02/2026, 20:19:33","CORE2_20260225_191157.txt","admin","t","t","t","t","v1 (Latest)","—"
"25/02/2026, 20:19:33","CORE1_20260225_191131.txt","admin","t","t","t","t","v1 (Latest)","—"
"25/02/2026, 20:19:33","ACC3.txt","admin","t","t","t","t","v1 (Latest)","—"
"25/02/2026, 20:19:33","ACC2.txt","admin","t","t","t","t","v1 (Latest)","—"
"25/02/2026, 20:19:33","ACC1_20260225_162957.txt","admin","t","t","t","t","v1 (Latest)","—"